"2024-09-17T00:00:00+00:00",202799,2.1,1019.5,0,9.9,230,7.9,100,9.3,96,7900,0,22,"rain",0,0,0,"rain","münchen"
"2024-09-17T01:00:00+00:00",202799,2.4,1019.2,0,9.8,230,7.9,100,9.3,97,9800,0,15.8,"rain",0,0,0,"rain","münchen"
"2024-09-17T02:00:00+00:00",202799,0.7,1019.1,0,9.7,230,10.1,100,9.1,96,23800,0,18,"rain",0,0,0,"rain","münchen"
"2024-09-17T03:00:00+00:00",202799,0,1019.4,0,9.6,230,11.9,100,8.8,95,58000,0,19.1,"rain",0,0,0,"cloudy","münchen"
"2024-09-17T04:00:00+00:00",202799,0,1019.5,0,9.6,250,11.2,100,9,96,47100,0,24.1,"rain",0,0,0,"cloudy","münchen"
"2024-09-17T05:00:00+00:00",202799,0,1020.1,0,9.7,230,6.1,100,9,95,36200,0,15.1,"rain",0,0,0,"cloudy","münchen"
"2024-09-17T06:00:00+00:00",202799,0.2,1020.8,0,9.9,210,6.8,100,9,94,11400,0,18,"rain",0,0,0,"cloudy","münchen"
"2024-09-17T07:00:00+00:00",202799,0,1021.8,0,9.7,170,11.9,100,8.6,93,33400,0,20.9,"rain",0,0,0,"cloudy","münchen"
"2024-09-17T08:00:00+00:00",202203,0.1,1021.4,2,11.3,118,7.4,95,9.4,0,16000,0,16.7,"rain",27,0,0.122,"cloudy","münchen"
"2024-09-17T09:00:00+00:00",202203,0,1021.5,6,12.3,91,9.3,96,9.7,0,16900,0,16.7,"dry",21,0,0.2,"cloudy","münchen"
"2024-09-17T10:00:00+00:00",202203,0,1021.2,11,13.3,90,11.1,90,9.7,0,18500,0,20.4,"dry",14,0,0.278,"cloudy","münchen"
"2024-09-17T11:00:00+00:00",202203,0,1021.3,15,14.3,87,13,80,9.4,0,20300,0,24.1,"dry",6,0,0.331,"cloudy","münchen"
"2024-09-17T12:00:00+00:00",202203,0,1021.2,20,15,84,13,70,9.1,0,24900,0,25.9,"dry",3,36,0.375,"partly-cloudy-day","münchen"
"2024-09-17T13:00:00+00:00",202203,0,1021,23,15.7,83,13,64,9,0,26600,0,27.8,"dry",1,0,0.4,"partly-cloudy-day","münchen"
"2024-09-17T14:00:00+00:00",202203,0,1020.8,27,15.8,82,13,57,9,0,25500,0,27.8,"dry",1,0,0.386,"partly-cloudy-day","münchen"
"2024-09-17T15:00:00+00:00",202203,0,1020.7,32,15.6,82,13,52,8.8,0,26800,0,27.8,"dry",1,0,0.317,"partly-cloudy-day","münchen"
"2024-09-17T16:00:00+00:00",202203,0,1021,32,15.1,84,11.1,48,8.8,0,27100,0,25.9,"dry",0,0,0.211,"partly-cloudy-day","münchen"
"2024-09-17T17:00:00+00:00",202203,0,1021.8,26,14.4,87,11.1,44,8.7,0,25700,0,24.1,"dry",0,0,0.089,"partly-cloudy-day","münchen"
"2024-09-17T18:00:00+00:00",202203,0,1022.5,15,13.3,84,9.3,45,8.7,0,23000,0,22.2,"dry",0,1,0.011,"partly-cloudy-night","münchen"
"2024-09-17T19:00:00+00:00",202203,0,1022.9,0,12.3,84,9.3,44,8.8,0,21200,0,20.4,"dry",1,0,0,"partly-cloudy-night","münchen"
"2024-09-17T20:00:00+00:00",202203,0,1023,0,11.6,84,9.3,45,8.7,0,18800,0,18.5,"dry",0,0,0,"partly-cloudy-night","münchen"
"2024-09-17T21:00:00+00:00",202203,0,1023.2,0,11.2,83,9.3,49,8.6,0,16000,0,18.5,"dry",1,0,0,"partly-cloudy-night","münchen"
"2024-09-17T22:00:00+00:00",202203,0,1023,0,10.9,82,9.3,52,8.6,0,12100,0,16.7,"dry",3,0,0,"partly-cloudy-night","münchen"
"2024-09-17T23:00:00+00:00",202203,0,1023.1,0,10.6,77,9.3,54,8.3,0,9500,0,16.7,"dry",2,0,0,"partly-cloudy-night","münchen"
"2024-09-18T00:00:00+00:00",202203,0,1023.2,0,10.2,76,9.3,46,8.2,0,8400,0,16.7,"dry",2,2,0,"partly-cloudy-night","münchen"
"2024-09-18T01:00:00+00:00",202203,0,1023.1,0,9.6,76,9.3,46,8,0,8200,0,14.8,"dry",1,0,0,"partly-cloudy-night","münchen"
"2024-09-18T02:00:00+00:00",202203,0,1023.2,0,9.4,75,9.3,46,7.8,0,7800,0,16.7,"dry",1,0,0,"partly-cloudy-night","münchen"
"2024-09-18T03:00:00+00:00",202203,0,1023,0,9.5,74,9.3,51,7.8,0,7600,0,16.7,"dry",1,0,0,"partly-cloudy-night","münchen"
"2024-09-18T04:00:00+00:00",202203,0,1023,0,9.6,77,9.3,55,7.7,0,8600,0,18.5,"dry",1,0,0,"partly-cloudy-night","münchen"
"2024-09-18T05:00:00+00:00",202203,0,1023.3,0,9.7,78,9.3,57,7.8,0,8200,0,18.5,"dry",1,0,0,"partly-cloudy-day","münchen"
"2024-09-18T06:00:00+00:00",202203,0,1023.2,16,10.5,82,11.1,58,8.2,0,12200,0,20.4,"dry",1,2,0.025,"partly-cloudy-day","münchen"
"2024-09-18T07:00:00+00:00",202203,0,1022.7,26,11.5,83,13,58,8.5,0,11500,0,24.1,"dry",1,0,0.114,"partly-cloudy-day","münchen"
"2024-09-18T08:00:00+00:00",202203,0,1022.4,33,13.1,84,14.8,56,9,0,13700,0,29.6,"dry",1,0,0.219,"partly-cloudy-day","münchen"
"2024-09-18T09:00:00+00:00",202203,0,1022,31,14.4,81,16.7,52,9.4,0,19000,0,31.5,"dry",3,0,0.331,"partly-cloudy-day","münchen"
"2024-09-18T10:00:00+00:00",202203,0,1021.6,32,15.5,80,18.5,48,9.9,0,23300,0,35.2,"dry",1,0,0.431,"partly-cloudy-day","münchen"
"2024-09-18T11:00:00+00:00",202203,0,1021.1,33,16.6,79,20.4,47,10,0,28900,0,37,"dry",1,0,0.494,"partly-cloudy-day","münchen"
"2024-09-18T12:00:00+00:00",202203,0,1020.6,36,17.7,75,20.4,48,10.1,0,31700,0,38.9,"dry",1,3,0.508,"partly-cloudy-day","münchen"
"2024-09-18T13:00:00+00:00",202203,0,1020.4,36,18.2,76,20.4,46,10.1,0,34000,0,40.8,"dry",1,0,0.486,"partly-cloudy-day","münchen"
"2024-09-18T14:00:00+00:00",202203,0,1020,37,18.7,75,18.5,46,10.1,0,36400,0,40.8,"dry",1,0,0.425,"partly-cloudy-day","münchen"
"2024-09-18T15:00:00+00:00",202203,0,1020,38,18.5,78,18.5,42,10.2,0,37800,0,38.9,"dry",1,0,0.328,"partly-cloudy-day","münchen"
"2024-09-18T16:00:00+00:00",202203,0,1020.2,37,18.1,78,16.7,40,10.2,0,35400,0,37,"dry",1,0,0.208,"partly-cloudy-day","münchen"
"2024-09-18T17:00:00+00:00",202203,0,1020.5,30,17.1,79,14.8,36,10.3,0,33400,0,33.3,"dry",1,0,0.081,"partly-cloudy-day","münchen"
"2024-09-18T18:00:00+00:00",202203,0,1020.8,17,16.1,79,14.8,34,10.1,0,31800,0,29.6,"dry",1,1,0.008,"partly-cloudy-night","münchen"
"2024-09-18T19:00:00+00:00",202203,0,1021.1,0,15.2,79,13,32,10,0,27300,0,27.8,"dry",1,0,0,"partly-cloudy-night","münchen"
"2024-09-18T20:00:00+00:00",202203,0,1021.3,0,14.4,79,13,31,10,0,23100,0,25.9,"dry",1,0,0,"partly-cloudy-night","münchen"
"2024-09-18T21:00:00+00:00",202203,0,1021.3,0,13.7,75,13,30,9.8,0,21000,0,25.9,"dry",1,0,0,"partly-cloudy-night","münchen"
"2024-09-18T22:00:00+00:00",202203,0,1021.4,0,13.4,72,13,25,9.5,0,18200,0,24.1,"dry",2,0,0,"partly-cloudy-night","münchen"
"2024-09-18T23:00:00+00:00",202203,0,1021.3,0,12.8,72,13,21,9.3,0,14700,0,24.1,"dry",2,0,0,"clear-night","münchen"
"2024-09-19T00:00:00+00:00",202203,0,1021.6,0,12.3,70,11.1,24,9.1,0,13600,0,22.2,"dry",1,3,0,"clear-night","münchen"
"2024-09-19T01:00:00+00:00",202203,0,1021.3,0,11.7,69,11.1,24,8.9,0,12700,0,22.2,"dry",1,0,0,"clear-night","münchen"
"2024-09-19T02:00:00+00:00",202203,0,1021.2,0,11.2,70,11.1,30,8.6,0,11100,0,22.2,"dry",1,0,0,"partly-cloudy-night","münchen"
"2024-09-19T03:00:00+00:00",202203,0,1020.9,0,10.8,72,11.1,42,8.6,0,10000,0,22.2,"dry",1,0,0,"partly-cloudy-night","münchen"
"2024-09-19T04:00:00+00:00",202203,0,1020.9,0,10.6,71,11.1,47,8.5,0,8200,0,22.2,"dry",2,0,0,"partly-cloudy-night","münchen"
"2024-09-19T05:00:00+00:00",202203,0,1020.9,0,10.4,72,13,52,8.6,0,7300,0,24.1,"dry",2,0,0,"partly-cloudy-day","münchen"
"2024-09-19T06:00:00+00:00",202203,0,1021.1,15,11.2,72,13,56,9,0,10000,0,24.1,"dry",1,5,0.025,"partly-cloudy-day","münchen"
"2024-09-19T07:00:00+00:00",202203,0,1020.7,23,12.1,76,13,57,9.1,0,13700,0,25.9,"dry",2,0,0.114,"partly-cloudy-day","münchen"
"2024-09-19T08:00:00+00:00",202203,0,1020.3,31,13.4,78,14.8,52,9.6,0,14400,0,27.8,"dry",2,0,0.228,"partly-cloudy-day","münchen"
"2024-09-19T09:00:00+00:00",202203,0,1019.7,31,14.9,77,16.7,52,9.5,0,20600,0,29.6,"dry",2,0,0.333,"partly-cloudy-day","münchen"
"2024-09-19T10:00:00+00:00",202203,0,1019.5,32,16.2,77,16.7,51,9.8,0,21500,0,31.5,"dry",3,0,0.422,"partly-cloudy-day","münchen"
"2024-09-19T11:00:00+00:00",202203,0,1019.1,34,17.2,76,16.7,49,9.6,0,24600,0,33.3,"dry",2,0,0.481,"partly-cloudy-day","münchen"
"2024-09-19T12:00:00+00:00",202203,0,1018.6,39,17.8,75,18.5,45,9.6,0,27500,0,35.2,"dry",2,5,0.514,"partly-cloudy-day","münchen"
"2024-09-19T13:00:00+00:00",202203,0,1018.1,40,18.3,74,18.5,45,9.5,0,33200,0,37,"dry",3,0,0.492,"partly-cloudy-day","münchen"
"2024-09-19T14:00:00+00:00",202203,0,1018,43,18.7,73,18.5,43,9.7,0,36200,0,37,"dry",1,0,0.425,"partly-cloudy-day","münchen"
"2024-09-19T15:00:00+00:00",202203,0,1017.7,42,18.5,75,16.7,41,9.7,0,33700,0,37,"dry",1,0,0.319,"partly-cloudy-day","münchen"
"2024-09-19T16:00:00+00:00",202203,0,1017.8,39,17.9,74,14.8,38,9.6,0,33200,0,33.3,"dry",2,0,0.194,"partly-cloudy-day","münchen"
"2024-09-19T17:00:00+00:00",202203,0,1018.1,28,16.8,75,13,37,9.8,0,30000,0,31.5,"dry",1,0,0.072,"partly-cloudy-day","münchen"
"2024-09-19T18:00:00+00:00",202203,0,1018.6,16,15.6,79,11.1,37,10,0,29700,0,25.9,"dry",1,7,0.006,"partly-cloudy-night","münchen"
"2024-09-19T19:00:00+00:00",202203,0,1018.9,0,14.5,82,11.1,40,10.1,0,27700,0,22.2,"dry",2,0,0,"partly-cloudy-night","münchen"
"2024-09-19T20:00:00+00:00",202203,0,1019,0,13.6,81,9.3,43,9.9,0,22900,0,20.4,"dry",1,0,0,"partly-cloudy-night","münchen"
"2024-09-19T21:00:00+00:00",202203,0,1019.2,0,13,80,9.3,42,9.6,0,19800,0,20.4,"dry",2,0,0,"partly-cloudy-night","münchen"
"2024-09-19T22:00:00+00:00",202203,0,1019.4,0,12.3,79,9.3,45,9.5,0,15600,0,18.5,"dry",2,0,0,"partly-cloudy-night","münchen"
"2024-09-19T23:00:00+00:00",202203,0,1019.6,0,11.8,79,9.3,42,9.3,0,12900,0,18.5,"dry",2,0,0,"partly-cloudy-night","münchen"
"2024-09-20T00:00:00+00:00",202203,0,1019.6,0,11.3,76,7.4,40,9.2,0,12400,0,16.7,"dry",1,5,0,"partly-cloudy-night","münchen"
"2024-09-20T01:00:00+00:00",202203,0,1019.8,0,10.9,77,7.4,42,8.8,0,10900,0,14.8,"dry",1,0,0,"partly-cloudy-night","münchen"
"2024-09-20T02:00:00+00:00",202203,0,1020,0,10.5,77,7.4,46,8.7,0,9500,0,14.8,"dry",1,0,0,"partly-cloudy-night","münchen"
"2024-09-20T03:00:00+00:00",202203,0,1020.2,0,10.1,78,5.5,54,8.3,0,7900,0,13,"dry",1,0,0,"partly-cloudy-night","münchen"
"2024-09-20T04:00:00+00:00",202203,0,1020.3,0,9.9,79,5.5,53,8.2,0,7600,0,13,"dry",1,0,0,"partly-cloudy-night","münchen"
"2024-09-20T05:00:00+00:00",202203,0,1020.7,0,9.9,80,5.5,52,8.2,0,7700,0,11.1,"dry",1,0,0,"partly-cloudy-day","münchen"
"2024-09-20T06:00:00+00:00",202203,0,1021,18,10.7,82,5.5,54,8.4,0,11800,0,13,"dry",1,3,0.025,"partly-cloudy-day","münchen"
"2024-09-20T07:00:00+00:00",202203,0,1021,29,12,81,7.4,55,8.8,0,15400,0,13,"dry",3,0,0.111,"partly-cloudy-day","münchen"
"2024-09-20T08:00:00+00:00",202203,0,1021,38,13.6,80,7.4,52,9.3,0,17700,0,14.8,"dry",2,0,0.222,"partly-cloudy-day","münchen"
"2024-09-20T09:00:00+00:00",202203,0,1020.8,37,14.7,78,9.3,55,9.6,0,23000,0,16.7,"dry",3,0,0.336,"partly-cloudy-day","münchen"
"2024-09-20T10:00:00+00:00",202203,0,1020.8,39,16,75,9.3,54,9.7,0,24800,0,18.5,"dry",1,0,0.428,"partly-cloudy-day","münchen"
"2024-09-20T11:00:00+00:00",202203,0,1020.5,43,17.3,72,11.1,54,9.9,0,30300,0,20.4,"dry",1,0,0.503,"partly-cloudy-day","münchen"
"2024-09-20T12:00:00+00:00",202203,0,1020.1,45,18.4,68,11.1,53,10.1,0,32900,0,22.2,"dry",1,2,0.531,"partly-cloudy-day","münchen"
"2024-09-20T13:00:00+00:00",202203,0,1019.6,46,18.9,65,11.1,53,10.1,0,37200,0,22.2,"dry",1,0,0.494,"partly-cloudy-day","münchen"
"2024-09-20T14:00:00+00:00",202203,0,1019.4,45,19.1,65,11.1,55,10.1,0,39500,0,22.2,"dry",1,0,0.417,"partly-cloudy-day","münchen"
"2024-09-20T15:00:00+00:00",202203,0,1019.3,41,18.9,66,11.1,56,10.4,0,38300,0,22.2,"dry",1,0,0.311,"partly-cloudy-day","münchen"
"2024-09-20T16:00:00+00:00",202203,0,1019.4,38,18.2,67,11.1,56,10.7,0,37600,0,22.2,"dry",1,0,0.186,"partly-cloudy-day","münchen"
"2024-09-20T17:00:00+00:00",202203,0,1019.8,27,17.2,70,9.3,56,11,0,33400,0,20.4,"dry",2,0,0.064,"partly-cloudy-day","münchen"
"2024-09-20T18:00:00+00:00",202203,0,1020.3,14,15.7,73,7.4,50,11,0,28600,0,16.7,"dry",1,2,0.006,"partly-cloudy-night","münchen"
"2024-09-20T19:00:00+00:00",202203,0,1020.6,0,14.6,81,7.4,49,11.2,0,23400,0,14.8,"dry",3,0,0,"partly-cloudy-night","münchen"
"2024-09-20T20:00:00+00:00",202203,0,1021,0,13.7,84,7.4,48,11.1,0,19600,0,14.8,"dry",2,0,0,"partly-cloudy-night","münchen"
"2024-09-20T21:00:00+00:00",202203,0,1021.3,0,13,82,7.4,49,11,0,13900,0,13,"dry",2,0,0,"partly-cloudy-night","münchen"
"2024-09-20T22:00:00+00:00",202203,0,1021.4,0,12.3,86,5.5,51,10.8,0,14400,0,13,"dry",3,0,0,"partly-cloudy-night","münchen"
"2024-09-20T23:00:00+00:00",202203,0,1021.5,0,11.8,83,5.5,48,10.5,0,14600,0,11.1,"dry",3,0,0,"partly-cloudy-night","münchen"
"2024-09-21T00:00:00+00:00",202203,0,1021.6,0,11.3,87,5.5,53,10.2,0,12100,0,9.3,"dry",2,5,0,"partly-cloudy-night","münchen"
"2024-09-21T01:00:00+00:00",202203,0,1021.6,0,11.1,83,5.5,54,10,0,10600,0,9.3,"dry",3,0,0,"partly-cloudy-night","münchen"
"2024-09-21T02:00:00+00:00",202203,0,1021.6,0,10.8,81,3.7,54,9.8,0,11400,0,9.3,"dry",3,0,0,"partly-cloudy-night","münchen"
"2024-09-21T03:00:00+00:00",202203,0,1021.6,0,10.6,95,3.7,53,9.7,0,8500,0,7.4,"dry",2,0,0,"partly-cloudy-night","münchen"
"2024-09-21T04:00:00+00:00",202203,0,1021.8,0,10.5,122,3.7,56,9.7,0,9700,0,7.4,"dry",2,0,0,"partly-cloudy-night","münchen"
"2024-09-21T05:00:00+00:00",202203,0,1021.8,0,10.6,129,3.7,57,9.8,0,9300,0,7.4,"dry",2,0,0,"partly-cloudy-day","münchen"
"2024-09-21T06:00:00+00:00",202203,0,1021.7,16,11.4,135,3.7,54,9.9,0,9000,0,9.3,"dry",2,4,0.022,"partly-cloudy-day","münchen"
"2024-09-21T07:00:00+00:00",202203,0,1021.6,29,12.8,126,3.7,54,10.2,0,12600,0,9.3,"dry",2,0,0.108,"partly-cloudy-day","münchen"
"2024-09-21T08:00:00+00:00",202203,0,1021.5,36,14.3,85,5.5,52,10.7,0,16200,0,9.3,"dry",2,0,0.225,"partly-cloudy-day","münchen"
"2024-09-21T09:00:00+00:00",202203,0,1021.3,38,15.9,45,5.5,55,10.8,0,18900,0,11.1,"dry",5,0,0.339,"partly-cloudy-day","münchen"
"2024-09-21T10:00:00+00:00",202203,0,1020.7,40,17.2,27,5.5,52,10.9,0,21500,0,13,"dry",4,0,0.447,"partly-cloudy-day","münchen"
"2024-09-21T11:00:00+00:00",202203,0,1020.1,42,18.2,26,7.4,49,10.9,0,28700,0,14.8,"dry",3,0,0.511,"partly-cloudy-day","münchen"
"2024-09-21T12:00:00+00:00",202203,0,1019.3,45,19.3,39,7.4,45,10.9,0,33300,0,16.7,"dry",3,8,0.531,"partly-cloudy-day","münchen"
"2024-09-21T13:00:00+00:00",202203,0,1018.7,45,20.1,38,9.3,48,10.9,0,37100,0,16.7,"dry",2,0,0.511,"partly-cloudy-day","münchen"
"2024-09-21T14:00:00+00:00",202203,0,1018.3,45,20.5,47,9.3,50,11.1,0,40400,0,18.5,"dry",1,0,0.436,"partly-cloudy-day","münchen"
"2024-09-21T15:00:00+00:00",202203,0,1018.4,42,20,53,9.3,54,11.2,0,40400,0,18.5,"dry",3,0,0.319,"partly-cloudy-day","münchen"
"2024-09-21T16:00:00+00:00",202203,0,1018.4,36,19.2,62,7.4,49,11.4,0,39100,0,18.5,"dry",4,0,0.183,"partly-cloudy-day","münchen"
"2024-09-21T17:00:00+00:00",202203,0,1018.7,25,17.8,67,7.4,50,11.6,0,36400,0,16.7,"dry",4,0,0.061,"partly-cloudy-day","münchen"
"2024-09-21T18:00:00+00:00",202203,0,1019.2,12,16.1,77,7.4,48,11.8,0,30100,0,14.8,"dry",3,8,0.003,"partly-cloudy-night","münchen"
"2024-09-21T19:00:00+00:00",202203,0,1019.5,0,15.1,85,5.5,42,11.9,0,27200,0,11.1,"dry",3,0,0,"partly-cloudy-night","münchen"
"2024-09-21T20:00:00+00:00",202203,0,1019.8,0,14.3,91,5.5,42,11.8,0,23400,0,11.1,"dry",3,0,0,"partly-cloudy-night","münchen"
"2024-09-21T21:00:00+00:00",202203,0,1019.9,0,13.6,103,5.5,40,11.7,0,19400,0,11.1,"dry",3,0,0,"partly-cloudy-night","münchen"
"2024-09-21T22:00:00+00:00",202203,0,1020,0,13,111,5.5,41,11.6,0,16900,0,11.1,"dry",3,0,0,"partly-cloudy-night","münchen"
"2024-09-21T23:00:00+00:00",202203,0,1020,0,12.5,115,5.5,43,11.3,0,15000,0,11.1,"dry",2,0,0,"partly-cloudy-night","münchen"
"2024-09-22T00:00:00+00:00",202203,0,1020.1,0,12,132,5.5,46,11.1,0,12000,0,9.3,"dry",2,6,0,"partly-cloudy-night","münchen"
"2024-09-22T01:00:00+00:00",202203,0,1020,0,11.6,123,3.7,48,10.8,0,10500,0,7.4,"dry",3,0,0,"partly-cloudy-night","münchen"
"2024-09-22T02:00:00+00:00",202203,0,1019.9,0,11.4,131,5.5,52,10.6,0,8800,0,7.4,"dry",2,0,0,"partly-cloudy-night","münchen"
"2024-09-22T03:00:00+00:00",202203,0,1020,0,11.1,144,5.5,52,10.4,0,7200,0,7.4,"dry",2,0,0,"partly-cloudy-night","münchen"
"2024-09-22T04:00:00+00:00",202203,0,1019.8,0,10.9,152,5.5,52,10.2,0,4800,0,9.3,"dry",3,0,0,"partly-cloudy-night","münchen"
"2024-09-22T05:00:00+00:00",202203,0,1019.8,0,11,160,5.5,53,10.1,0,5400,0,9.3,"dry",3,0,0,"partly-cloudy-night","münchen"
"2024-09-22T06:00:00+00:00",202203,0,1019.7,15,11.7,171,5.5,55,10.2,0,6900,0,9.3,"dry",3,6,0.022,"partly-cloudy-day","münchen"
"2024-09-22T07:00:00+00:00",202203,0,1019.6,25,13.1,165,5.5,54,10.4,0,8900,0,9.3,"dry",3,0,0.108,"partly-cloudy-day","münchen"
"2024-09-22T08:00:00+00:00",202203,0,1019.3,34,14.6,181,5.5,52,10.8,0,13400,0,11.1,"dry",3,0,0.231,"partly-cloudy-day","münchen"
"2024-09-22T09:00:00+00:00",202203,0,1018.8,36,16.2,143,5.5,54,11.2,0,17500,0,11.1,"dry",5,0,0.339,"partly-cloudy-day","münchen"
"2024-09-22T10:00:00+00:00",202203,0,1018.4,38,17.8,321,5.5,54,11.2,0,19800,0,13,"dry",5,0,0.439,"partly-cloudy-day","münchen"
"2024-09-22T11:00:00+00:00",202203,0,1017.6,38,18.9,360,7.4,52,11.2,0,24500,0,14.8,"dry",4,0,0.5,"partly-cloudy-day","münchen"
"2024-09-22T12:00:00+00:00",202203,0,1017,39,19.6,22,7.4,56,11.3,0,28700,0,14.8,"dry",4,9,0.517,"partly-cloudy-day","münchen"
"2024-09-22T13:00:00+00:00",202203,0,1016.6,38,20,17,7.4,56,11.2,0,34500,0,16.7,"dry",3,0,0.483,"partly-cloudy-day","münchen"
"2024-09-22T14:00:00+00:00",202203,0,1016.2,37,20.2,10,7.4,58,11.2,0,39400,0,18.5,"dry",4,0,0.425,"partly-cloudy-day","münchen"
"2024-09-22T15:00:00+00:00",202203,0,1015.7,35,19.8,19,7.4,60,11.4,0,39800,0,16.7,"dry",6,0,0.311,"partly-cloudy-day","münchen"
"2024-09-22T16:00:00+00:00",202203,0,1015.9,30,19,27,7.4,58,11.5,0,38000,0,16.7,"dry",6,0,0.178,"partly-cloudy-day","münchen"
"2024-09-22T17:00:00+00:00",202203,0,1016,22,17.9,46,7.4,57,11.8,0,34400,0,16.7,"dry",7,0,0.058,"partly-cloudy-day","münchen"
"2024-09-22T18:00:00+00:00",202203,0,1016.4,11,16.3,74,5.5,58,12.1,0,32100,0,13,"dry",9,12,0.003,"partly-cloudy-night","münchen"
"2024-09-22T19:00:00+00:00",202203,0,1016.8,0,15.2,102,5.5,58,12.1,0,27700,0,11.1,"dry",10,0,0,"partly-cloudy-night","münchen"
"2024-09-22T20:00:00+00:00",202203,0,1017,0,14.4,137,5.5,55,11.9,0,25300,0,11.1,"dry",11,0,0,"partly-cloudy-night","münchen"
"2024-09-22T21:00:00+00:00",202203,0,1017,0,13.8,164,5.5,53,11.7,0,20700,0,11.1,"dry",9,0,0,"partly-cloudy-night","münchen"
"2024-09-22T22:00:00+00:00",202203,0,1017,0,13.3,170,5.5,52,11.5,0,19000,0,11.1,"dry",8,0,0,"partly-cloudy-night","münchen"
"2024-09-22T23:00:00+00:00",202203,0,1017,0,12.8,183,5.5,54,11.3,0,19500,0,11.1,"dry",6,0,0,"partly-cloudy-night","münchen"
"2024-09-23T00:00:00+00:00",202203,0,1016.9,0,12.4,184,5.5,56,11.1,0,15800,0,11.1,"dry",6,20,0,"partly-cloudy-night","münchen"
"2024-09-23T01:00:00+00:00",202203,0,1016.7,0,12,195,5.5,57,10.9,0,16800,0,9.3,"dry",7,0,0,"partly-cloudy-night","münchen"
"2024-09-23T02:00:00+00:00",202203,0,1016.6,0,11.7,203,5.5,59,10.7,0,17400,0,9.3,"dry",7,0,0,"partly-cloudy-night","münchen"
"2024-09-23T03:00:00+00:00",202203,0,1016.5,0,11.4,202,5.5,61,10.4,0,12200,0,9.3,"dry",6,0,0,"partly-cloudy-night","münchen"
"2024-09-23T04:00:00+00:00",202203,0,1016.6,0,11.3,206,5.5,63,10.3,0,14200,0,9.3,"dry",7,0,0,"partly-cloudy-night","münchen"
"2024-09-23T05:00:00+00:00",202203,0,1016.6,0,11.3,206,5.5,66,10.2,0,13900,0,9.3,"dry",6,0,0,"partly-cloudy-night","münchen"
"2024-09-23T06:00:00+00:00",202203,0,1016.6,11,11.9,199,5.5,68,10.4,0,14100,0,9.3,"dry",6,11,0.019,"partly-cloudy-day","münchen"
"2024-09-23T07:00:00+00:00",202203,0,1016.5,19,13.2,213,5.5,69,10.7,0,17800,0,11.1,"dry",6,0,0.097,"partly-cloudy-day","münchen"
"2024-09-23T08:00:00+00:00",202203,0,1016,24,14.6,223,5.5,68,10.9,0,20400,0,13,"dry",9,0,0.208,"partly-cloudy-day","münchen"
"2024-09-23T09:00:00+00:00",202203,0,1015.9,27,15.9,236,7.4,68,10.9,0,21200,0,14.8,"dry",8,0,0.325,"partly-cloudy-day","münchen"
"2024-09-23T10:00:00+00:00",202203,0,1015.4,27,17.2,241,7.4,70,10.9,0,23500,0,14.8,"dry",8,0,0.408,"partly-cloudy-day","münchen"
"2024-09-23T11:00:00+00:00",202203,0,1015,24,18.1,343,7.4,71,10.9,0,27600,0,16.7,"dry",6,0,0.464,"partly-cloudy-day","münchen"
"2024-09-23T12:00:00+00:00",202203,0,1015,27,18.7,346,7.4,75,11,0,29500,0,16.7,"dry",4,15,0.475,"partly-cloudy-day","münchen"
"2024-09-23T13:00:00+00:00",202203,0,1014.6,26,19,340,9.3,78,11,0,32900,0,18.5,"dry",5,0,0.444,"partly-cloudy-day","münchen"
"2024-09-23T14:00:00+00:00",202203,0,1014.2,27,19.1,348,9.3,80,11,0,34200,0,18.5,"dry",6,0,0.375,"cloudy","münchen"
"2024-09-23T15:00:00+00:00",202203,0,1014.1,23,18.7,20,9.3,85,11.1,0,35100,0,18.5,"dry",8,0,0.278,"cloudy","münchen"
"2024-09-23T16:00:00+00:00",202203,0,1014.3,20,18,31,9.3,82,11.3,0,35300,0,18.5,"dry",10,0,0.156,"cloudy","münchen"
"2024-09-23T17:00:00+00:00",202203,0,1014.5,14,16.8,57,7.4,82,11.4,0,32800,0,16.7,"dry",13,0,0.05,"cloudy","münchen"
"2024-09-23T18:00:00+00:00",202203,0,1014.9,8,15.3,90,7.4,81,11.6,0,27300,0,14.8,"dry",12,20,0.003,"cloudy","münchen"
"2024-09-23T19:00:00+00:00",202203,0,1015.3,0,14.5,145,7.4,81,11.7,0,25500,0,13,"dry",12,0,0,"cloudy","münchen"
"2024-09-23T20:00:00+00:00",202203,0,1015.5,0,13.8,167,7.4,81,11.6,0,22500,0,13,"dry",14,0,0,"cloudy","münchen"
"2024-09-23T21:00:00+00:00",202203,0,1015.7,0,13.3,195,7.4,81,11.5,0,21100,0,13,"dry",15,0,0,"cloudy","münchen"
"2024-09-23T22:00:00+00:00",202203,0,1015.7,0,12.9,200,7.4,81,11.3,0,19600,0,11.1,"dry",17,0,0,"cloudy","münchen"
"2024-09-23T23:00:00+00:00",202203,0,1015.7,0,12.5,219,5.5,83,11.1,0,17800,0,13,"dry",18,0,0,"cloudy","münchen"
"2024-09-24T00:00:00+00:00",202203,0,1015.6,0,12.1,217,5.5,84,11,0,16600,0,11.1,"dry",20,31,0,"cloudy","münchen"
"2024-09-24T01:00:00+00:00",202203,0,1015.6,0,11.9,219,5.5,86,10.8,0,16200,0,13,"dry",19,0,0,"cloudy","münchen"
"2024-09-24T02:00:00+00:00",202203,0,1015.6,0,11.7,208,5.5,86,10.8,0,15700,0,11.1,"dry",18,0,0,"cloudy","münchen"
"2024-09-24T03:00:00+00:00",202203,0,1015.5,0,11.7,219,5.5,88,10.6,0,14400,0,11.1,"dry",14,0,0,"cloudy","münchen"
"2024-09-24T04:00:00+00:00",202203,0,1015.5,0,11.6,208,5.5,90,10.5,0,13500,0,13,"dry",13,0,0,"cloudy","münchen"
"2024-09-24T05:00:00+00:00",202203,0,1015.5,0,11.7,206,5.5,89,10.4,0,13500,0,13,"dry",18,0,0,"cloudy","münchen"
"2024-09-24T06:00:00+00:00",202203,0,1015.6,8,12,204,5.5,88,10.5,0,13600,0,13,"dry",19,34,0.014,"cloudy","münchen"
"2024-09-24T07:00:00+00:00",202203,0,1015.8,15,12.9,209,5.5,78,10.6,0,14900,0,13,"dry",20,0,0.081,"partly-cloudy-day","münchen"
"2024-09-24T08:00:00+00:00",202203,0,1016.1,20,14,211,7.4,76,10.7,0,18500,0,14.8,"dry",23,0,0.178,"partly-cloudy-day","münchen"
"2024-09-24T09:00:00+00:00",202203,0,1015.9,23,15.3,221,7.4,75,10.7,0,22000,0,16.7,"dry",22,0,0.267,"partly-cloudy-day","münchen"
"2024-09-24T10:00:00+00:00",202203,0,1015.7,22,16.1,248,7.4,74,10.5,0,23500,0,16.7,"dry",20,0,0.342,"partly-cloudy-day","münchen"
"2024-09-24T11:00:00+00:00",202203,0,1015.6,22,16.8,268,9.3,74,10.4,0,26300,0,18.5,"dry",18,0,0.4,"partly-cloudy-day","münchen"
"2024-09-24T12:00:00+00:00",202203,0,1015.4,22,17.2,293,9.3,74,10.3,0,28200,0,18.5,"dry",18,38,0.408,"partly-cloudy-day","münchen"
"2024-09-24T13:00:00+00:00",202203,0,1015.1,20,17.5,315,9.3,75,10.4,0,31400,0,20.4,"dry",14,0,0.383,"partly-cloudy-day","münchen"
"2024-09-24T14:00:00+00:00",202203,0,1014.9,20,17.5,332,9.3,78,10.4,0,32200,0,20.4,"dry",14,0,0.322,"partly-cloudy-day","münchen"
"2024-09-24T15:00:00+00:00",202203,0,1014.9,20,17.3,318,9.3,78,10.5,0,33100,0,20.4,"dry",13,0,0.236,"partly-cloudy-day","münchen"
"2024-09-24T16:00:00+00:00",202203,0,1015.2,17,16.4,340,7.4,77,10.6,0,32200,0,18.5,"dry",17,0,0.131,"partly-cloudy-day","münchen"
"2024-09-24T17:00:00+00:00",202203,0,1015.6,10,15.5,93,7.4,75,10.8,0,29200,0,16.7,"dry",17,0,0.042,"partly-cloudy-day","münchen"
"2024-09-24T18:00:00+00:00",202203,0,1016.1,5,14.2,121,7.4,78,10.9,0,26500,0,14.8,"dry",17,40,0.003,"partly-cloudy-night","münchen"
"2024-09-24T19:00:00+00:00",202203,0,1016.7,0,13.6,165,7.4,75,11.1,0,23700,0,13,"dry",22,0,0,"partly-cloudy-night","münchen"
"2024-09-24T20:00:00+00:00",202203,0,1017,0,12.9,177,7.4,70,11,0,21000,0,13,"dry",23,0,0,"partly-cloudy-night","münchen"
"2024-09-24T21:00:00+00:00",202203,0,1017.2,0,12.6,192,7.4,66,10.8,0,20200,0,13,"dry",21,0,0,"partly-cloudy-night","münchen"
"2024-09-24T22:00:00+00:00",202203,0,1017.3,0,12.2,206,7.4,69,10.6,0,19900,0,13,"dry",20,0,0,"partly-cloudy-night","münchen"
"2024-09-24T23:00:00+00:00",202203,0,1017.3,0,11.9,197,5.5,68,10.2,0,17800,0,13,"dry",20,0,0,"partly-cloudy-night","münchen"